--------------------------------------------------------
--  File created - Saturday-December-05-2015   
--------------------------------------------------------
DROP TABLE "BO_MON" cascade constraints;
DROP TABLE "CHUC_VU" cascade constraints;
DROP TABLE "DIEM" cascade constraints;
DROP TABLE "DKMONHOC" cascade constraints;
DROP TABLE "KHOA" cascade constraints;
DROP TABLE "LICH_DAY" cascade constraints;
DROP TABLE "LOP" cascade constraints;
DROP TABLE "LUONG" cascade constraints;
DROP TABLE "MH_MO_TRONG_NAM" cascade constraints;
DROP TABLE "MON_HOC" cascade constraints;
DROP TABLE "PEOPLE" cascade constraints;
DROP TABLE "THONG_BAO" cascade constraints;
DROP SEQUENCE "MH_MO_TRONG_NAM_SEQ";
DROP SEQUENCE "PEOPLE_SEQ";
DROP SEQUENCE "THONG_BAO_SEQ";
DROP SEQUENCE "THONG_BAO_SEQ1";
DROP FUNCTION "DIEM_FUNCTION";
DROP FUNCTION "DKMH_FUNCTION";
DROP FUNCTION "EDIT_DKMH_FUNCTION";
DROP FUNCTION "LICHDAY_FUNCTION";
DROP FUNCTION "LUONG_FUNCTION";
DROP FUNCTION "SEC_FUNCTION";
--------------------------------------------------------
--  DDL for Sequence MH_MO_TRONG_NAM_SEQ
--------------------------------------------------------

   CREATE SEQUENCE  "MH_MO_TRONG_NAM_SEQ"  MINVALUE 1 MAXVALUE 9999999999999999999999999999 INCREMENT BY 1 START WITH 1 CACHE 20 NOORDER  NOCYCLE ;
--------------------------------------------------------
--  DDL for Sequence PEOPLE_SEQ
--------------------------------------------------------

   CREATE SEQUENCE  "PEOPLE_SEQ"  MINVALUE 1 MAXVALUE 9999999999999999999999999999 INCREMENT BY 1 START WITH 1 CACHE 20 NOORDER  NOCYCLE ;
--------------------------------------------------------
--  DDL for Sequence THONG_BAO_SEQ
--------------------------------------------------------

   CREATE SEQUENCE  "THONG_BAO_SEQ"  MINVALUE 1 MAXVALUE 9999999999999999999999999999 INCREMENT BY 1 START WITH 61 CACHE 20 NOORDER  NOCYCLE ;
--------------------------------------------------------
--  DDL for Sequence THONG_BAO_SEQ1
--------------------------------------------------------

   CREATE SEQUENCE  "THONG_BAO_SEQ1"  MINVALUE 1 MAXVALUE 9999999999999999999999999999 INCREMENT BY 1 START WITH 21 CACHE 20 NOORDER  NOCYCLE ;
--------------------------------------------------------
--  DDL for Table BO_MON
--------------------------------------------------------

  CREATE TABLE "BO_MON" 
   (	"ID" NUMBER, 
	"TEN" VARCHAR2(200 BYTE), 
	"KHOA" NUMBER
   ) SEGMENT CREATION IMMEDIATE 
  PCTFREE 10 PCTUSED 40 INITRANS 1 MAXTRANS 255 NOCOMPRESS LOGGING
  STORAGE(INITIAL 65536 NEXT 1048576 MINEXTENTS 1 MAXEXTENTS 2147483645
  PCTINCREASE 0 FREELISTS 1 FREELIST GROUPS 1 BUFFER_POOL DEFAULT FLASH_CACHE DEFAULT CELL_FLASH_CACHE DEFAULT)
  TABLESPACE "USERS" ;
  GRANT SELECT ON "BO_MON" TO "SINHVIEN";
 
  GRANT SELECT ON "BO_MON" TO "QLNHANSU";
 
  GRANT SELECT ON "BO_MON" TO "TRUONGPHOKHOA";
 
  GRANT SELECT ON "BO_MON" TO "HDKHOAHOC";
 
  GRANT SELECT ON "BO_MON" TO "GIAOVIEN";
 
  GRANT SELECT ON "BO_MON" TO "TRUONGBOMON";
--------------------------------------------------------
--  DDL for Table CHUC_VU
--------------------------------------------------------

  CREATE TABLE "CHUC_VU" 
   (	"ID" NUMBER, 
	"TEN" VARCHAR2(200 BYTE)
   ) SEGMENT CREATION IMMEDIATE 
  PCTFREE 10 PCTUSED 40 INITRANS 1 MAXTRANS 255 NOCOMPRESS LOGGING
  STORAGE(INITIAL 65536 NEXT 1048576 MINEXTENTS 1 MAXEXTENTS 2147483645
  PCTINCREASE 0 FREELISTS 1 FREELIST GROUPS 1 BUFFER_POOL DEFAULT FLASH_CACHE DEFAULT CELL_FLASH_CACHE DEFAULT)
  TABLESPACE "USERS" ;
  GRANT SELECT ON "CHUC_VU" TO "SINHVIEN";
 
  GRANT SELECT ON "CHUC_VU" TO "QLNHANSU";
 
  GRANT SELECT ON "CHUC_VU" TO "TRUONGPHOKHOA";
 
  GRANT SELECT ON "CHUC_VU" TO "HDKHOAHOC";
 
  GRANT SELECT ON "CHUC_VU" TO "GIAOVIEN";
 
  GRANT SELECT ON "CHUC_VU" TO "TRUONGBOMON";
--------------------------------------------------------
--  DDL for Table DIEM
--------------------------------------------------------

  CREATE TABLE "DIEM" 
   (	"SINH_VIEN" NUMBER, 
	"MON_HOC" NUMBER, 
	"LOP" NUMBER, 
	"DIEM" FLOAT(126)
   ) SEGMENT CREATION IMMEDIATE 
  PCTFREE 10 PCTUSED 40 INITRANS 1 MAXTRANS 255 NOCOMPRESS LOGGING
  STORAGE(INITIAL 65536 NEXT 1048576 MINEXTENTS 1 MAXEXTENTS 2147483645
  PCTINCREASE 0 FREELISTS 1 FREELIST GROUPS 1 BUFFER_POOL DEFAULT FLASH_CACHE DEFAULT CELL_FLASH_CACHE DEFAULT)
  TABLESPACE "USERS" ;
  GRANT SELECT ON "DIEM" TO "SINHVIEN";
 
  GRANT SELECT ON "DIEM" TO "TRUONGPHOKHOA";
 
  GRANT INSERT, SELECT, UPDATE ON "DIEM" TO "GIAOVIEN";
 
  GRANT SELECT ON "DIEM" TO "TRUONGBOMON";
 
  GRANT SELECT ON "DIEM" TO "GIAOVU";
--------------------------------------------------------
--  DDL for Table DKMONHOC
--------------------------------------------------------

  CREATE TABLE "DKMONHOC" 
   (	"SINH_VIEN" NUMBER, 
	"MON_HOC" NUMBER, 
	"HOC_KI" NUMBER, 
	"NAM_HOC" NUMBER
   ) SEGMENT CREATION IMMEDIATE 
  PCTFREE 10 PCTUSED 40 INITRANS 1 MAXTRANS 255 NOCOMPRESS LOGGING
  STORAGE(INITIAL 65536 NEXT 1048576 MINEXTENTS 1 MAXEXTENTS 2147483645
  PCTINCREASE 0 FREELISTS 1 FREELIST GROUPS 1 BUFFER_POOL DEFAULT FLASH_CACHE DEFAULT CELL_FLASH_CACHE DEFAULT)
  TABLESPACE "USERS" ;
  GRANT ALTER, DELETE, INSERT, SELECT, UPDATE, ON COMMIT REFRESH, QUERY REWRITE, DEBUG, FLASHBACK ON "DKMONHOC" TO "SINHVIEN";
 
  GRANT SELECT ON "DKMONHOC" TO "TRUONGPHOKHOA";
 
  GRANT INSERT, SELECT, UPDATE ON "DKMONHOC" TO "GIAOVIEN";
 
  GRANT SELECT ON "DKMONHOC" TO "TRUONGBOMON";
 
  GRANT SELECT ON "DKMONHOC" TO "GIAOVU";
--------------------------------------------------------
--  DDL for Table KHOA
--------------------------------------------------------

  CREATE TABLE "KHOA" 
   (	"ID" NUMBER, 
	"TEN" VARCHAR2(200 BYTE)
   ) SEGMENT CREATION IMMEDIATE 
  PCTFREE 10 PCTUSED 40 INITRANS 1 MAXTRANS 255 NOCOMPRESS LOGGING
  STORAGE(INITIAL 65536 NEXT 1048576 MINEXTENTS 1 MAXEXTENTS 2147483645
  PCTINCREASE 0 FREELISTS 1 FREELIST GROUPS 1 BUFFER_POOL DEFAULT FLASH_CACHE DEFAULT CELL_FLASH_CACHE DEFAULT)
  TABLESPACE "USERS" ;
  GRANT SELECT ON "KHOA" TO "SINHVIEN";
 
  GRANT SELECT ON "KHOA" TO "QLNHANSU";
 
  GRANT SELECT ON "KHOA" TO "TRUONGPHOKHOA";
 
  GRANT SELECT ON "KHOA" TO "HDKHOAHOC";
 
  GRANT SELECT ON "KHOA" TO "GIAOVIEN";
 
  GRANT SELECT ON "KHOA" TO "TRUONGBOMON";
--------------------------------------------------------
--  DDL for Table LICH_DAY
--------------------------------------------------------

  CREATE TABLE "LICH_DAY" 
   (	"GIAO_VIEN" NUMBER, 
	"MON_HOC" NUMBER, 
	"TIET_HOC" NUMBER, 
	"THOI_GIAN" VARCHAR2(200 BYTE), 
	"LOP" NUMBER
   ) SEGMENT CREATION IMMEDIATE 
  PCTFREE 10 PCTUSED 40 INITRANS 1 MAXTRANS 255 NOCOMPRESS LOGGING
  STORAGE(INITIAL 65536 NEXT 1048576 MINEXTENTS 1 MAXEXTENTS 2147483645
  PCTINCREASE 0 FREELISTS 1 FREELIST GROUPS 1 BUFFER_POOL DEFAULT FLASH_CACHE DEFAULT CELL_FLASH_CACHE DEFAULT)
  TABLESPACE "USERS" ;
  GRANT SELECT ON "LICH_DAY" TO "TRUONGPHOKHOA";
 
  GRANT SELECT ON "LICH_DAY" TO "GIAOVIEN";
 
  GRANT DELETE, INSERT, SELECT, UPDATE ON "LICH_DAY" TO "TRUONGBOMON";
 
  GRANT SELECT, UPDATE ON "LICH_DAY" TO "GIAOVU";
--------------------------------------------------------
--  DDL for Table LOP
--------------------------------------------------------

  CREATE TABLE "LOP" 
   (	"ID" NUMBER, 
	"TEN" VARCHAR2(200 BYTE), 
	"MON_HOC" NUMBER, 
	"HOC_KI" NUMBER, 
	"NAM_HOC" NUMBER(*,0)
   ) SEGMENT CREATION IMMEDIATE 
  PCTFREE 10 PCTUSED 40 INITRANS 1 MAXTRANS 255 NOCOMPRESS LOGGING
  STORAGE(INITIAL 65536 NEXT 1048576 MINEXTENTS 1 MAXEXTENTS 2147483645
  PCTINCREASE 0 FREELISTS 1 FREELIST GROUPS 1 BUFFER_POOL DEFAULT FLASH_CACHE DEFAULT CELL_FLASH_CACHE DEFAULT)
  TABLESPACE "USERS" ;
  GRANT SELECT ON "LOP" TO "TRUONGPHOKHOA";
 
  GRANT SELECT ON "LOP" TO "GIAOVIEN";
 
  GRANT SELECT ON "LOP" TO "TRUONGBOMON";
--------------------------------------------------------
--  DDL for Table LUONG
--------------------------------------------------------

  CREATE TABLE "LUONG" 
   (	"NHAN_VIEN" NUMBER, 
	"LUONG" NUMBER ENCRYPT USING 'AES192', 
	"PHU_CAP" NUMBER
   ) SEGMENT CREATION IMMEDIATE 
  PCTFREE 10 PCTUSED 40 INITRANS 1 MAXTRANS 255 NOCOMPRESS LOGGING
  STORAGE(INITIAL 65536 NEXT 1048576 MINEXTENTS 1 MAXEXTENTS 2147483645
  PCTINCREASE 0 FREELISTS 1 FREELIST GROUPS 1 BUFFER_POOL DEFAULT FLASH_CACHE DEFAULT CELL_FLASH_CACHE DEFAULT)
  TABLESPACE "USERS" ;
  GRANT INSERT, SELECT, UPDATE ON "LUONG" TO "QLNHANSU";
 
  GRANT SELECT ON "LUONG" TO "TRUONGPHOKHOA";
 
  GRANT SELECT ON "LUONG" TO "GIAOVIEN";
 
  GRANT SELECT ON "LUONG" TO "TRUONGBOMON";
--------------------------------------------------------
--  DDL for Table MH_MO_TRONG_NAM
--------------------------------------------------------

  CREATE TABLE "MH_MO_TRONG_NAM" 
   (	"MON_HOC" NUMBER, 
	"HOC_KI" NUMBER, 
	"MAX_SV" NUMBER, 
	"NAM_HOC" NUMBER, 
	"NGAY_HET_HAN" DATE, 
	"ID" NUMBER
   ) SEGMENT CREATION IMMEDIATE 
  PCTFREE 10 PCTUSED 40 INITRANS 1 MAXTRANS 255 NOCOMPRESS LOGGING
  STORAGE(INITIAL 65536 NEXT 1048576 MINEXTENTS 1 MAXEXTENTS 2147483645
  PCTINCREASE 0 FREELISTS 1 FREELIST GROUPS 1 BUFFER_POOL DEFAULT FLASH_CACHE DEFAULT CELL_FLASH_CACHE DEFAULT)
  TABLESPACE "USERS" ;
  GRANT SELECT ON "MH_MO_TRONG_NAM" TO "SINHVIEN";
 
  GRANT SELECT ON "MH_MO_TRONG_NAM" TO "TRUONGPHOKHOA";
 
  GRANT DELETE, INSERT, SELECT, UPDATE ON "MH_MO_TRONG_NAM" TO "HDKHOAHOC";
 
  GRANT SELECT ON "MH_MO_TRONG_NAM" TO "GIAOVIEN";
 
  GRANT SELECT ON "MH_MO_TRONG_NAM" TO "TRUONGBOMON";
--------------------------------------------------------
--  DDL for Table MON_HOC
--------------------------------------------------------

  CREATE TABLE "MON_HOC" 
   (	"ID" NUMBER, 
	"TEN" VARCHAR2(200 BYTE), 
	"BAT_BUOC" NUMBER, 
	"BO_MON" NUMBER, 
	"GIAO_VIEN" NUMBER
   ) SEGMENT CREATION IMMEDIATE 
  PCTFREE 10 PCTUSED 40 INITRANS 1 MAXTRANS 255 NOCOMPRESS LOGGING
  STORAGE(INITIAL 65536 NEXT 1048576 MINEXTENTS 1 MAXEXTENTS 2147483645
  PCTINCREASE 0 FREELISTS 1 FREELIST GROUPS 1 BUFFER_POOL DEFAULT FLASH_CACHE DEFAULT CELL_FLASH_CACHE DEFAULT)
  TABLESPACE "USERS" ;
  GRANT SELECT ON "MON_HOC" TO "SINHVIEN";
 
  GRANT SELECT ON "MON_HOC" TO "TRUONGPHOKHOA";
 
  GRANT INSERT, SELECT, UPDATE ON "MON_HOC" TO "HDKHOAHOC";
 
  GRANT SELECT ON "MON_HOC" TO "GIAOVIEN";
 
  GRANT SELECT ON "MON_HOC" TO "TRUONGBOMON";
 
  GRANT SELECT ON "MON_HOC" TO "GIAOVU";
--------------------------------------------------------
--  DDL for Table PEOPLE
--------------------------------------------------------

  CREATE TABLE "PEOPLE" 
   (	"ID" NUMBER, 
	"CHUC_VU" NUMBER, 
	"BO_MON" NUMBER, 
	"USERNAME" VARCHAR2(200 BYTE), 
	"KHOA" NUMBER, 
	"NGAY_SINH" DATE, 
	"DIA_CHI" VARCHAR2(200 BYTE), 
	"TEN" VARCHAR2(200 BYTE)
   ) SEGMENT CREATION IMMEDIATE 
  PCTFREE 10 PCTUSED 40 INITRANS 1 MAXTRANS 255 NOCOMPRESS LOGGING
  STORAGE(INITIAL 65536 NEXT 1048576 MINEXTENTS 1 MAXEXTENTS 2147483645
  PCTINCREASE 0 FREELISTS 1 FREELIST GROUPS 1 BUFFER_POOL DEFAULT FLASH_CACHE DEFAULT CELL_FLASH_CACHE DEFAULT)
  TABLESPACE "USERS" ;
  GRANT SELECT, UPDATE ON "PEOPLE" TO "SINHVIEN";
 
  GRANT INSERT, SELECT, UPDATE ON "PEOPLE" TO "QLNHANSU";
 
  GRANT SELECT ON "PEOPLE" TO "TRUONGPHOKHOA";
 
  GRANT SELECT, UPDATE ON "PEOPLE" TO "HDKHOAHOC";
 
  GRANT SELECT ON "PEOPLE" TO "GIAOVIEN";
 
  GRANT SELECT ON "PEOPLE" TO "TRUONGBOMON";
 
  GRANT DELETE, INSERT, SELECT, UPDATE ON "PEOPLE" TO "GIAOVU";
--------------------------------------------------------
--  DDL for Table THONG_BAO
--------------------------------------------------------

  CREATE TABLE "THONG_BAO" 
   (	"ID" NUMBER(*,0), 
	"NGUOI_THONG_BAO" NUMBER(*,0), 
	"NOI_DUNG" VARCHAR2(1000 BYTE), 
	"NGAY_THONG_BAO" DATE, 
	"OLS_NUM" NUMBER(10,0) DEFAULT NULL, 
	"CHUC_VU" NUMBER
   ) SEGMENT CREATION IMMEDIATE 
  PCTFREE 10 PCTUSED 40 INITRANS 1 MAXTRANS 255 NOCOMPRESS LOGGING
  STORAGE(INITIAL 65536 NEXT 1048576 MINEXTENTS 1 MAXEXTENTS 2147483645
  PCTINCREASE 0 FREELISTS 1 FREELIST GROUPS 1 BUFFER_POOL DEFAULT FLASH_CACHE DEFAULT CELL_FLASH_CACHE DEFAULT)
  TABLESPACE "SYSTEM" ;
  GRANT INSERT, SELECT ON "THONG_BAO" TO "SINHVIEN";
 
  GRANT SELECT ON "THONG_BAO" TO "TRUONGPHOKHOA";
 
  GRANT INSERT, SELECT ON "THONG_BAO" TO "GIAOVIEN";
 
  GRANT SELECT ON "THONG_BAO" TO "TRUONGBOMON";
REM INSERTING into BO_MON
SET DEFINE OFF;
Insert into BO_MON (ID,TEN,KHOA) values (1,'Khoa học máy tính',1);
Insert into BO_MON (ID,TEN,KHOA) values (2,'Hệ thống thông tin',1);
Insert into BO_MON (ID,TEN,KHOA) values (3,'Công nghệ phần mềm',1);
Insert into BO_MON (ID,TEN,KHOA) values (4,'Mạng máy tính',1);
REM INSERTING into CHUC_VU
SET DEFINE OFF;
Insert into CHUC_VU (ID,TEN) values (1,'Sinh Viên');
Insert into CHUC_VU (ID,TEN) values (2,'Giáo Viên');
Insert into CHUC_VU (ID,TEN) values (3,'Trưởng bộ môn');
Insert into CHUC_VU (ID,TEN) values (4,'Hội đồng khoa học');
Insert into CHUC_VU (ID,TEN) values (5,'Giáo vụ');
Insert into CHUC_VU (ID,TEN) values (6,'Quản lý nhân sự');
Insert into CHUC_VU (ID,TEN) values (7,'Trưởng phó khoa');
REM INSERTING into DIEM
SET DEFINE OFF;
Insert into DIEM (SINH_VIEN,MON_HOC,LOP,DIEM) values (1,1,1,8);
Insert into DIEM (SINH_VIEN,MON_HOC,LOP,DIEM) values (1,2,2,9);
Insert into DIEM (SINH_VIEN,MON_HOC,LOP,DIEM) values (8,3,3,7);
Insert into DIEM (SINH_VIEN,MON_HOC,LOP,DIEM) values (8,4,4,9);
Insert into DIEM (SINH_VIEN,MON_HOC,LOP,DIEM) values (1,9,5,10);
Insert into DIEM (SINH_VIEN,MON_HOC,LOP,DIEM) values (1,10,6,7);
Insert into DIEM (SINH_VIEN,MON_HOC,LOP,DIEM) values (8,10,6,9);
REM INSERTING into DKMONHOC
SET DEFINE OFF;
Insert into DKMONHOC (SINH_VIEN,MON_HOC,HOC_KI,NAM_HOC) values (1,1,1,2015);
Insert into DKMONHOC (SINH_VIEN,MON_HOC,HOC_KI,NAM_HOC) values (1,10,1,2015);
Insert into DKMONHOC (SINH_VIEN,MON_HOC,HOC_KI,NAM_HOC) values (1,2,2,2015);
Insert into DKMONHOC (SINH_VIEN,MON_HOC,HOC_KI,NAM_HOC) values (1,4,2,2015);
Insert into DKMONHOC (SINH_VIEN,MON_HOC,HOC_KI,NAM_HOC) values (8,1,1,2015);
Insert into DKMONHOC (SINH_VIEN,MON_HOC,HOC_KI,NAM_HOC) values (8,3,1,2015);
Insert into DKMONHOC (SINH_VIEN,MON_HOC,HOC_KI,NAM_HOC) values (8,10,1,2015);
Insert into DKMONHOC (SINH_VIEN,MON_HOC,HOC_KI,NAM_HOC) values (8,2,2,2015);
Insert into DKMONHOC (SINH_VIEN,MON_HOC,HOC_KI,NAM_HOC) values (8,4,2,2015);
REM INSERTING into KHOA
SET DEFINE OFF;
Insert into KHOA (ID,TEN) values (1,'Công nghệ thông tin');
Insert into KHOA (ID,TEN) values (2,'Công nghệ sinh học');
REM INSERTING into LICH_DAY
SET DEFINE OFF;
Insert into LICH_DAY (GIAO_VIEN,MON_HOC,TIET_HOC,THOI_GIAN,LOP) values (17,11,3,'Thứ 6',1);
Insert into LICH_DAY (GIAO_VIEN,MON_HOC,TIET_HOC,THOI_GIAN,LOP) values (2,1,4,'Thứ 2',1);
Insert into LICH_DAY (GIAO_VIEN,MON_HOC,TIET_HOC,THOI_GIAN,LOP) values (2,2,9,'Thứ 5',2);
Insert into LICH_DAY (GIAO_VIEN,MON_HOC,TIET_HOC,THOI_GIAN,LOP) values (9,3,1,'Thứ 3',3);
Insert into LICH_DAY (GIAO_VIEN,MON_HOC,TIET_HOC,THOI_GIAN,LOP) values (9,4,7,'Thứ 4',4);
REM INSERTING into LOP
SET DEFINE OFF;
Insert into LOP (ID,TEN,MON_HOC,HOC_KI,NAM_HOC) values (1,'CTT1',1,1,2015);
Insert into LOP (ID,TEN,MON_HOC,HOC_KI,NAM_HOC) values (2,'CTT2',2,2,2015);
Insert into LOP (ID,TEN,MON_HOC,HOC_KI,NAM_HOC) values (3,'CTT3',3,1,2015);
Insert into LOP (ID,TEN,MON_HOC,HOC_KI,NAM_HOC) values (4,'CTT4',4,2,2015);
Insert into LOP (ID,TEN,MON_HOC,HOC_KI,NAM_HOC) values (5,'LOP 5',9,1,2015);
Insert into LOP (ID,TEN,MON_HOC,HOC_KI,NAM_HOC) values (6,'LOP 6',10,1,2015);
REM INSERTING into LUONG
SET DEFINE OFF;
Insert into LUONG (NHAN_VIEN,LUONG,PHU_CAP) values (13,60000,3000);
Insert into LUONG (NHAN_VIEN,LUONG,PHU_CAP) values (14,700000,20000);
Insert into LUONG (NHAN_VIEN,LUONG,PHU_CAP) values (15,123,123);
Insert into LUONG (NHAN_VIEN,LUONG,PHU_CAP) values (123,10000000,900000);
Insert into LUONG (NHAN_VIEN,LUONG,PHU_CAP) values (2,200000,10000);
Insert into LUONG (NHAN_VIEN,LUONG,PHU_CAP) values (3,5000000,100000);
Insert into LUONG (NHAN_VIEN,LUONG,PHU_CAP) values (4,1000000,300000);
Insert into LUONG (NHAN_VIEN,LUONG,PHU_CAP) values (5,9000000,440000);
Insert into LUONG (NHAN_VIEN,LUONG,PHU_CAP) values (6,500000,200000);
Insert into LUONG (NHAN_VIEN,LUONG,PHU_CAP) values (7,6000000,812200);
Insert into LUONG (NHAN_VIEN,LUONG,PHU_CAP) values (18,2,1);
Insert into LUONG (NHAN_VIEN,LUONG,PHU_CAP) values (16,123456,12);
Insert into LUONG (NHAN_VIEN,LUONG,PHU_CAP) values (9,10000,1000000);
Insert into LUONG (NHAN_VIEN,LUONG,PHU_CAP) values (10,1500000,500000);
Insert into LUONG (NHAN_VIEN,LUONG,PHU_CAP) values (11,23222232,232323223);
Insert into LUONG (NHAN_VIEN,LUONG,PHU_CAP) values (12,23232323,6659620);
Insert into LUONG (NHAN_VIEN,LUONG,PHU_CAP) values (17,3,22);
REM INSERTING into MH_MO_TRONG_NAM
SET DEFINE OFF;
Insert into MH_MO_TRONG_NAM (MON_HOC,HOC_KI,MAX_SV,NAM_HOC,NGAY_HET_HAN,ID) values (3,2,300,2015,to_date('15-NOV-15','DD-MON-RR'),9);
Insert into MH_MO_TRONG_NAM (MON_HOC,HOC_KI,MAX_SV,NAM_HOC,NGAY_HET_HAN,ID) values (6,1,100,2016,to_date('31-MAY-16','DD-MON-RR'),6);
Insert into MH_MO_TRONG_NAM (MON_HOC,HOC_KI,MAX_SV,NAM_HOC,NGAY_HET_HAN,ID) values (1,1,250,2015,to_date('31-DEC-15','DD-MON-RR'),1);
Insert into MH_MO_TRONG_NAM (MON_HOC,HOC_KI,MAX_SV,NAM_HOC,NGAY_HET_HAN,ID) values (2,2,200,2015,to_date('31-DEC-15','DD-MON-RR'),2);
Insert into MH_MO_TRONG_NAM (MON_HOC,HOC_KI,MAX_SV,NAM_HOC,NGAY_HET_HAN,ID) values (3,1,100,2015,to_date('30-JUN-15','DD-MON-RR'),3);
Insert into MH_MO_TRONG_NAM (MON_HOC,HOC_KI,MAX_SV,NAM_HOC,NGAY_HET_HAN,ID) values (5,2,100,2016,to_date('31-DEC-15','DD-MON-RR'),7);
Insert into MH_MO_TRONG_NAM (MON_HOC,HOC_KI,MAX_SV,NAM_HOC,NGAY_HET_HAN,ID) values (10,1,100,2015,to_date('31-DEC-15','DD-MON-RR'),8);
Insert into MH_MO_TRONG_NAM (MON_HOC,HOC_KI,MAX_SV,NAM_HOC,NGAY_HET_HAN,ID) values (4,2,150,2015,to_date('30-JUN-15','DD-MON-RR'),5);
REM INSERTING into MON_HOC
SET DEFINE OFF;
Insert into MON_HOC (ID,TEN,BAT_BUOC,BO_MON,GIAO_VIEN) values (6,'Khai thác dữ liệu',1,1,11);
Insert into MON_HOC (ID,TEN,BAT_BUOC,BO_MON,GIAO_VIEN) values (1,'Xử lý ảnh',0,1,2);
Insert into MON_HOC (ID,TEN,BAT_BUOC,BO_MON,GIAO_VIEN) values (2,'Mã hóa thông tin',1,1,11);
Insert into MON_HOC (ID,TEN,BAT_BUOC,BO_MON,GIAO_VIEN) values (3,'Cơ sở dữ liệu',1,2,9);
Insert into MON_HOC (ID,TEN,BAT_BUOC,BO_MON,GIAO_VIEN) values (4,'Thương mại điện tử 2',0,2,12);
Insert into MON_HOC (ID,TEN,BAT_BUOC,BO_MON,GIAO_VIEN) values (7,'Máy học',0,2,9);
Insert into MON_HOC (ID,TEN,BAT_BUOC,BO_MON,GIAO_VIEN) values (9,'Datamining 2',1,1,2);
Insert into MON_HOC (ID,TEN,BAT_BUOC,BO_MON,GIAO_VIEN) values (10,'Semantic Web',0,1,2);
Insert into MON_HOC (ID,TEN,BAT_BUOC,BO_MON,GIAO_VIEN) values (11,'Lập Trình Game',1,1,17);
Insert into MON_HOC (ID,TEN,BAT_BUOC,BO_MON,GIAO_VIEN) values (5,'Xử lý ảnh',1,2,9);
REM INSERTING into PEOPLE
SET DEFINE OFF;
Insert into PEOPLE (ID,CHUC_VU,BO_MON,USERNAME,KHOA,NGAY_SINH,DIA_CHI,TEN) values (11,2,1,'NTX',1,to_date('08-OCT-86','DD-MON-RR'),'99/15 Cộng Hòa','Nguyễn Trọng X');
Insert into PEOPLE (ID,CHUC_VU,BO_MON,USERNAME,KHOA,NGAY_SINH,DIA_CHI,TEN) values (12,2,2,'HVK',1,to_date('10-JUN-90','DD-MON-RR'),'6 Trường Chinh','Hồ Văn K');
Insert into PEOPLE (ID,CHUC_VU,BO_MON,USERNAME,KHOA,NGAY_SINH,DIA_CHI,TEN) values (13,3,2,'npv',1,to_date('21-NOV-15','DD-MON-RR'),'123 Lê Lợi, Quận 1','Nguyễn Phú Vinh');
Insert into PEOPLE (ID,CHUC_VU,BO_MON,USERNAME,KHOA,NGAY_SINH,DIA_CHI,TEN) values (14,3,1,'dmt',1,to_date('21-NOV-15','DD-MON-RR'),'7 Lê Hồng Phong, Nha Trang','Đào Minh Thuận');
Insert into PEOPLE (ID,CHUC_VU,BO_MON,USERNAME,KHOA,NGAY_SINH,DIA_CHI,TEN) values (15,2,2,'1',1,to_date('21-NOV-15','DD-MON-RR'),'Trần hưng đạo','Nguyễn Toàn Vinh');
Insert into PEOPLE (ID,CHUC_VU,BO_MON,USERNAME,KHOA,NGAY_SINH,DIA_CHI,TEN) values (123,3,1,'nct',1,to_date('13-MAR-80','DD-MON-RR'),'123 Nguyễn Trãi','Nguyễn Cảnh T');
Insert into PEOPLE (ID,CHUC_VU,BO_MON,USERNAME,KHOA,NGAY_SINH,DIA_CHI,TEN) values (1,1,1,'NVA',1,to_date('19-OCT-90','DD-MON-RR'),'123 Le Hong Phong','Nguyễn Văn A');
Insert into PEOPLE (ID,CHUC_VU,BO_MON,USERNAME,KHOA,NGAY_SINH,DIA_CHI,TEN) values (2,2,1,'NTB',1,to_date('07-SEP-94','DD-MON-RR'),'45 Le Loi','Nguyễn Thi B');
Insert into PEOPLE (ID,CHUC_VU,BO_MON,USERNAME,KHOA,NGAY_SINH,DIA_CHI,TEN) values (3,3,1,'TVC',1,to_date('10-OCT-89','DD-MON-RR'),'3 Nguyen Trãi','Trần Văn C');
Insert into PEOPLE (ID,CHUC_VU,BO_MON,USERNAME,KHOA,NGAY_SINH,DIA_CHI,TEN) values (4,4,null,'HVD',null,to_date('08-OCT-86','DD-MON-RR'),'6 Trường Chinh','Hồ Văn D');
Insert into PEOPLE (ID,CHUC_VU,BO_MON,USERNAME,KHOA,NGAY_SINH,DIA_CHI,TEN) values (5,5,null,'HTP',null,to_date('10-JUN-90','DD-MON-RR'),'99/15 Cộng Hòa','Huỳnh Thị P');
Insert into PEOPLE (ID,CHUC_VU,BO_MON,USERNAME,KHOA,NGAY_SINH,DIA_CHI,TEN) values (6,6,null,'TVT',null,to_date('18-DEC-79','DD-MON-RR'),'123 Le Hong Phong','Trần Văn T');
Insert into PEOPLE (ID,CHUC_VU,BO_MON,USERNAME,KHOA,NGAY_SINH,DIA_CHI,TEN) values (7,7,null,'LVA',1,to_date('10-JUN-90','DD-MON-RR'),'44 Le Loi fâfâfầ','Lê Văn A');
Insert into PEOPLE (ID,CHUC_VU,BO_MON,USERNAME,KHOA,NGAY_SINH,DIA_CHI,TEN) values (8,1,2,'NTL',1,to_date('18-OCT-79','DD-MON-RR'),'3 Nguyen Trãi','Nguyễn Tấn Lực');
Insert into PEOPLE (ID,CHUC_VU,BO_MON,USERNAME,KHOA,NGAY_SINH,DIA_CHI,TEN) values (9,2,2,'HTT',1,to_date('10-OCT-89','DD-MON-RR'),'6 Trường Chinh','Hồ Trọng T');
Insert into PEOPLE (ID,CHUC_VU,BO_MON,USERNAME,KHOA,NGAY_SINH,DIA_CHI,TEN) values (10,3,2,'LTX',1,to_date('08-OCT-86','DD-MON-RR'),'99/15 Cộng Hòa','Lê Thị X');
Insert into PEOPLE (ID,CHUC_VU,BO_MON,USERNAME,KHOA,NGAY_SINH,DIA_CHI,TEN) values (18,2,2,'nvm',1,to_date('05-DEC-15','DD-MON-RR'),'123 Sư vạn hạnh','Nguyễn Văn M');
Insert into PEOPLE (ID,CHUC_VU,BO_MON,USERNAME,KHOA,NGAY_SINH,DIA_CHI,TEN) values (16,4,1,'hnv',2,to_date('22-NOV-15','DD-MON-RR'),'123 Sư vạn hạnh','Hồ Nguyên Vũ');
Insert into PEOPLE (ID,CHUC_VU,BO_MON,USERNAME,KHOA,NGAY_SINH,DIA_CHI,TEN) values (17,2,1,'nth',1,to_date('10-OCT-89','DD-MON-RR'),'6 Trường Chinh','Nguyễn Tấn H');
REM INSERTING into THONG_BAO
SET DEFINE OFF;
Insert into THONG_BAO (ID,NGUOI_THONG_BAO,NOI_DUNG,NGAY_THONG_BAO,OLS_NUM,CHUC_VU) values (1,1,'Không có thông báo',to_date('23-NOV-15','DD-MON-RR'),10000,1);
Insert into THONG_BAO (ID,NGUOI_THONG_BAO,NOI_DUNG,NGAY_THONG_BAO,OLS_NUM,CHUC_VU) values (2,2,'deadpool',to_date('23-NOV-15','DD-MON-RR'),20000,2);
Insert into THONG_BAO (ID,NGUOI_THONG_BAO,NOI_DUNG,NGAY_THONG_BAO,OLS_NUM,CHUC_VU) values (3,3,'batman',to_date('23-NOV-15','DD-MON-RR'),30000,3);
Insert into THONG_BAO (ID,NGUOI_THONG_BAO,NOI_DUNG,NGAY_THONG_BAO,OLS_NUM,CHUC_VU) values (21,4,'DSDSDS',to_date('23-NOV-15','DD-MON-RR'),20000,4);
Insert into THONG_BAO (ID,NGUOI_THONG_BAO,NOI_DUNG,NGAY_THONG_BAO,OLS_NUM,CHUC_VU) values (22,2,'DASDASDADS',to_date('23-NOV-15','DD-MON-RR'),20000,2);
Insert into THONG_BAO (ID,NGUOI_THONG_BAO,NOI_DUNG,NGAY_THONG_BAO,OLS_NUM,CHUC_VU) values (23,2,'a',to_date('29-NOV-15','DD-MON-RR'),12040,2);
Insert into THONG_BAO (ID,NGUOI_THONG_BAO,NOI_DUNG,NGAY_THONG_BAO,OLS_NUM,CHUC_VU) values (24,2,'trưởng khoa httt cntt',to_date('29-NOV-15','DD-MON-RR'),31020,2);
Insert into THONG_BAO (ID,NGUOI_THONG_BAO,NOI_DUNG,NGAY_THONG_BAO,OLS_NUM,CHUC_VU) values (30,2,'a',to_date('30-NOV-15','DD-MON-RR'),10000,2);
Insert into THONG_BAO (ID,NGUOI_THONG_BAO,NOI_DUNG,NGAY_THONG_BAO,OLS_NUM,CHUC_VU) values (32,2,'P',to_date('30-NOV-15','DD-MON-RR'),10000,2);
Insert into THONG_BAO (ID,NGUOI_THONG_BAO,NOI_DUNG,NGAY_THONG_BAO,OLS_NUM,CHUC_VU) values (33,2,'P',to_date('30-NOV-15','DD-MON-RR'),20000,2);
Insert into THONG_BAO (ID,NGUOI_THONG_BAO,NOI_DUNG,NGAY_THONG_BAO,OLS_NUM,CHUC_VU) values (41,2,'Thông báo nghỉ lễ :)',to_date('05-DEC-15','DD-MON-RR'),10000,2);
--------------------------------------------------------
--  DDL for Index MH_MO_TRONG_NAM_PK
--------------------------------------------------------

  CREATE UNIQUE INDEX "MH_MO_TRONG_NAM_PK" ON "MH_MO_TRONG_NAM" ("ID") 
  PCTFREE 10 INITRANS 2 MAXTRANS 255 COMPUTE STATISTICS 
  STORAGE(INITIAL 65536 NEXT 1048576 MINEXTENTS 1 MAXEXTENTS 2147483645
  PCTINCREASE 0 FREELISTS 1 FREELIST GROUPS 1 BUFFER_POOL DEFAULT FLASH_CACHE DEFAULT CELL_FLASH_CACHE DEFAULT)
  TABLESPACE "USERS" ;
--------------------------------------------------------
--  DDL for Index MON_HOC_PK
--------------------------------------------------------

  CREATE UNIQUE INDEX "MON_HOC_PK" ON "MON_HOC" ("ID") 
  PCTFREE 10 INITRANS 2 MAXTRANS 255 COMPUTE STATISTICS 
  STORAGE(INITIAL 65536 NEXT 1048576 MINEXTENTS 1 MAXEXTENTS 2147483645
  PCTINCREASE 0 FREELISTS 1 FREELIST GROUPS 1 BUFFER_POOL DEFAULT FLASH_CACHE DEFAULT CELL_FLASH_CACHE DEFAULT)
  TABLESPACE "USERS" ;
--------------------------------------------------------
--  DDL for Index KHOA_PK
--------------------------------------------------------

  CREATE UNIQUE INDEX "KHOA_PK" ON "KHOA" ("ID") 
  PCTFREE 10 INITRANS 2 MAXTRANS 255 COMPUTE STATISTICS 
  STORAGE(INITIAL 65536 NEXT 1048576 MINEXTENTS 1 MAXEXTENTS 2147483645
  PCTINCREASE 0 FREELISTS 1 FREELIST GROUPS 1 BUFFER_POOL DEFAULT FLASH_CACHE DEFAULT CELL_FLASH_CACHE DEFAULT)
  TABLESPACE "USERS" ;
--------------------------------------------------------
--  DDL for Index THONG_BAO_PK
--------------------------------------------------------

  CREATE UNIQUE INDEX "THONG_BAO_PK" ON "THONG_BAO" ("ID") 
  PCTFREE 10 INITRANS 2 MAXTRANS 255 COMPUTE STATISTICS 
  STORAGE(INITIAL 65536 NEXT 1048576 MINEXTENTS 1 MAXEXTENTS 2147483645
  PCTINCREASE 0 FREELISTS 1 FREELIST GROUPS 1 BUFFER_POOL DEFAULT FLASH_CACHE DEFAULT CELL_FLASH_CACHE DEFAULT)
  TABLESPACE "SYSTEM" ;
--------------------------------------------------------
--  DDL for Index PEOPLE_PK
--------------------------------------------------------

  CREATE UNIQUE INDEX "PEOPLE_PK" ON "PEOPLE" ("ID") 
  PCTFREE 10 INITRANS 2 MAXTRANS 255 COMPUTE STATISTICS 
  STORAGE(INITIAL 65536 NEXT 1048576 MINEXTENTS 1 MAXEXTENTS 2147483645
  PCTINCREASE 0 FREELISTS 1 FREELIST GROUPS 1 BUFFER_POOL DEFAULT FLASH_CACHE DEFAULT CELL_FLASH_CACHE DEFAULT)
  TABLESPACE "USERS" ;
--------------------------------------------------------
--  DDL for Index BO_MON_PK
--------------------------------------------------------

  CREATE UNIQUE INDEX "BO_MON_PK" ON "BO_MON" ("ID") 
  PCTFREE 10 INITRANS 2 MAXTRANS 255 COMPUTE STATISTICS 
  STORAGE(INITIAL 65536 NEXT 1048576 MINEXTENTS 1 MAXEXTENTS 2147483645
  PCTINCREASE 0 FREELISTS 1 FREELIST GROUPS 1 BUFFER_POOL DEFAULT FLASH_CACHE DEFAULT CELL_FLASH_CACHE DEFAULT)
  TABLESPACE "USERS" ;
--------------------------------------------------------
--  DDL for Index LOP_PK
--------------------------------------------------------

  CREATE UNIQUE INDEX "LOP_PK" ON "LOP" ("ID") 
  PCTFREE 10 INITRANS 2 MAXTRANS 255 COMPUTE STATISTICS 
  STORAGE(INITIAL 65536 NEXT 1048576 MINEXTENTS 1 MAXEXTENTS 2147483645
  PCTINCREASE 0 FREELISTS 1 FREELIST GROUPS 1 BUFFER_POOL DEFAULT FLASH_CACHE DEFAULT CELL_FLASH_CACHE DEFAULT)
  TABLESPACE "USERS" ;
--------------------------------------------------------
--  DDL for Index CHUC_VU_PK
--------------------------------------------------------

  CREATE UNIQUE INDEX "CHUC_VU_PK" ON "CHUC_VU" ("ID") 
  PCTFREE 10 INITRANS 2 MAXTRANS 255 COMPUTE STATISTICS 
  STORAGE(INITIAL 65536 NEXT 1048576 MINEXTENTS 1 MAXEXTENTS 2147483645
  PCTINCREASE 0 FREELISTS 1 FREELIST GROUPS 1 BUFFER_POOL DEFAULT FLASH_CACHE DEFAULT CELL_FLASH_CACHE DEFAULT)
  TABLESPACE "USERS" ;
--------------------------------------------------------
--  DDL for Index DKMONHOC_PK
--------------------------------------------------------

  CREATE UNIQUE INDEX "DKMONHOC_PK" ON "DKMONHOC" ("SINH_VIEN", "HOC_KI", "MON_HOC", "NAM_HOC") 
  PCTFREE 10 INITRANS 2 MAXTRANS 255 COMPUTE STATISTICS 
  STORAGE(INITIAL 65536 NEXT 1048576 MINEXTENTS 1 MAXEXTENTS 2147483645
  PCTINCREASE 0 FREELISTS 1 FREELIST GROUPS 1 BUFFER_POOL DEFAULT FLASH_CACHE DEFAULT CELL_FLASH_CACHE DEFAULT)
  TABLESPACE "USERS" ;
--------------------------------------------------------
--  Constraints for Table PEOPLE
--------------------------------------------------------

  ALTER TABLE "PEOPLE" ADD CONSTRAINT "PEOPLE_PK" PRIMARY KEY ("ID")
  USING INDEX PCTFREE 10 INITRANS 2 MAXTRANS 255 COMPUTE STATISTICS 
  STORAGE(INITIAL 65536 NEXT 1048576 MINEXTENTS 1 MAXEXTENTS 2147483645
  PCTINCREASE 0 FREELISTS 1 FREELIST GROUPS 1 BUFFER_POOL DEFAULT FLASH_CACHE DEFAULT CELL_FLASH_CACHE DEFAULT)
  TABLESPACE "USERS"  ENABLE;
 
  ALTER TABLE "PEOPLE" MODIFY ("ID" NOT NULL ENABLE);
 
  ALTER TABLE "PEOPLE" MODIFY ("USERNAME" NOT NULL ENABLE);
--------------------------------------------------------
--  Constraints for Table DKMONHOC
--------------------------------------------------------

  ALTER TABLE "DKMONHOC" ADD CONSTRAINT "DKMONHOC_PK" PRIMARY KEY ("SINH_VIEN", "HOC_KI", "MON_HOC", "NAM_HOC")
  USING INDEX PCTFREE 10 INITRANS 2 MAXTRANS 255 COMPUTE STATISTICS 
  STORAGE(INITIAL 65536 NEXT 1048576 MINEXTENTS 1 MAXEXTENTS 2147483645
  PCTINCREASE 0 FREELISTS 1 FREELIST GROUPS 1 BUFFER_POOL DEFAULT FLASH_CACHE DEFAULT CELL_FLASH_CACHE DEFAULT)
  TABLESPACE "USERS"  ENABLE;
--------------------------------------------------------
--  Constraints for Table MON_HOC
--------------------------------------------------------

  ALTER TABLE "MON_HOC" ADD CONSTRAINT "MON_HOC_PK" PRIMARY KEY ("ID")
  USING INDEX PCTFREE 10 INITRANS 2 MAXTRANS 255 COMPUTE STATISTICS 
  STORAGE(INITIAL 65536 NEXT 1048576 MINEXTENTS 1 MAXEXTENTS 2147483645
  PCTINCREASE 0 FREELISTS 1 FREELIST GROUPS 1 BUFFER_POOL DEFAULT FLASH_CACHE DEFAULT CELL_FLASH_CACHE DEFAULT)
  TABLESPACE "USERS"  ENABLE;
 
  ALTER TABLE "MON_HOC" MODIFY ("ID" NOT NULL ENABLE);
--------------------------------------------------------
--  Constraints for Table LOP
--------------------------------------------------------

  ALTER TABLE "LOP" ADD CONSTRAINT "LOP_PK" PRIMARY KEY ("ID")
  USING INDEX PCTFREE 10 INITRANS 2 MAXTRANS 255 COMPUTE STATISTICS 
  STORAGE(INITIAL 65536 NEXT 1048576 MINEXTENTS 1 MAXEXTENTS 2147483645
  PCTINCREASE 0 FREELISTS 1 FREELIST GROUPS 1 BUFFER_POOL DEFAULT FLASH_CACHE DEFAULT CELL_FLASH_CACHE DEFAULT)
  TABLESPACE "USERS"  ENABLE;
 
  ALTER TABLE "LOP" MODIFY ("ID" NOT NULL ENABLE);
--------------------------------------------------------
--  Constraints for Table CHUC_VU
--------------------------------------------------------

  ALTER TABLE "CHUC_VU" ADD CONSTRAINT "CHUC_VU_PK" PRIMARY KEY ("ID")
  USING INDEX PCTFREE 10 INITRANS 2 MAXTRANS 255 COMPUTE STATISTICS 
  STORAGE(INITIAL 65536 NEXT 1048576 MINEXTENTS 1 MAXEXTENTS 2147483645
  PCTINCREASE 0 FREELISTS 1 FREELIST GROUPS 1 BUFFER_POOL DEFAULT FLASH_CACHE DEFAULT CELL_FLASH_CACHE DEFAULT)
  TABLESPACE "USERS"  ENABLE;
 
  ALTER TABLE "CHUC_VU" MODIFY ("ID" NOT NULL ENABLE);
--------------------------------------------------------
--  Constraints for Table BO_MON
--------------------------------------------------------

  ALTER TABLE "BO_MON" ADD CONSTRAINT "BO_MON_PK" PRIMARY KEY ("ID")
  USING INDEX PCTFREE 10 INITRANS 2 MAXTRANS 255 COMPUTE STATISTICS 
  STORAGE(INITIAL 65536 NEXT 1048576 MINEXTENTS 1 MAXEXTENTS 2147483645
  PCTINCREASE 0 FREELISTS 1 FREELIST GROUPS 1 BUFFER_POOL DEFAULT FLASH_CACHE DEFAULT CELL_FLASH_CACHE DEFAULT)
  TABLESPACE "USERS"  ENABLE;
 
  ALTER TABLE "BO_MON" MODIFY ("ID" NOT NULL ENABLE);
--------------------------------------------------------
--  Constraints for Table THONG_BAO
--------------------------------------------------------

  ALTER TABLE "THONG_BAO" MODIFY ("ID" NOT NULL ENABLE);
 
  ALTER TABLE "THONG_BAO" MODIFY ("NGUOI_THONG_BAO" NOT NULL ENABLE);
 
  ALTER TABLE "THONG_BAO" ADD CONSTRAINT "THONG_BAO_PK" PRIMARY KEY ("ID")
  USING INDEX PCTFREE 10 INITRANS 2 MAXTRANS 255 COMPUTE STATISTICS 
  STORAGE(INITIAL 65536 NEXT 1048576 MINEXTENTS 1 MAXEXTENTS 2147483645
  PCTINCREASE 0 FREELISTS 1 FREELIST GROUPS 1 BUFFER_POOL DEFAULT FLASH_CACHE DEFAULT CELL_FLASH_CACHE DEFAULT)
  TABLESPACE "SYSTEM"  ENABLE;
--------------------------------------------------------
--  Constraints for Table KHOA
--------------------------------------------------------

  ALTER TABLE "KHOA" ADD CONSTRAINT "KHOA_PK" PRIMARY KEY ("ID")
  USING INDEX PCTFREE 10 INITRANS 2 MAXTRANS 255 COMPUTE STATISTICS 
  STORAGE(INITIAL 65536 NEXT 1048576 MINEXTENTS 1 MAXEXTENTS 2147483645
  PCTINCREASE 0 FREELISTS 1 FREELIST GROUPS 1 BUFFER_POOL DEFAULT FLASH_CACHE DEFAULT CELL_FLASH_CACHE DEFAULT)
  TABLESPACE "USERS"  ENABLE;
 
  ALTER TABLE "KHOA" MODIFY ("ID" NOT NULL ENABLE);
--------------------------------------------------------
--  Constraints for Table MH_MO_TRONG_NAM
--------------------------------------------------------

  ALTER TABLE "MH_MO_TRONG_NAM" ADD CONSTRAINT "MH_MO_TRONG_NAM_PK" PRIMARY KEY ("ID")
  USING INDEX PCTFREE 10 INITRANS 2 MAXTRANS 255 COMPUTE STATISTICS 
  STORAGE(INITIAL 65536 NEXT 1048576 MINEXTENTS 1 MAXEXTENTS 2147483645
  PCTINCREASE 0 FREELISTS 1 FREELIST GROUPS 1 BUFFER_POOL DEFAULT FLASH_CACHE DEFAULT CELL_FLASH_CACHE DEFAULT)
  TABLESPACE "USERS"  ENABLE;
 
  ALTER TABLE "MH_MO_TRONG_NAM" MODIFY ("ID" NOT NULL ENABLE);
--------------------------------------------------------
--  Ref Constraints for Table BO_MON
--------------------------------------------------------

  ALTER TABLE "BO_MON" ADD CONSTRAINT "BOMON_KHOA" FOREIGN KEY ("KHOA")
	  REFERENCES "KHOA" ("ID") ENABLE;
--------------------------------------------------------
--  Ref Constraints for Table DIEM
--------------------------------------------------------

  ALTER TABLE "DIEM" ADD CONSTRAINT "DIEM_LOP" FOREIGN KEY ("LOP")
	  REFERENCES "LOP" ("ID") ENABLE;
 
  ALTER TABLE "DIEM" ADD CONSTRAINT "DIEM_MONHOC" FOREIGN KEY ("MON_HOC")
	  REFERENCES "MON_HOC" ("ID") ENABLE;
 
  ALTER TABLE "DIEM" ADD CONSTRAINT "DIEM_PEOPLE" FOREIGN KEY ("SINH_VIEN")
	  REFERENCES "PEOPLE" ("ID") ENABLE;
--------------------------------------------------------
--  Ref Constraints for Table DKMONHOC
--------------------------------------------------------

  ALTER TABLE "DKMONHOC" ADD CONSTRAINT "DKMONHOC_MONHOC" FOREIGN KEY ("MON_HOC")
	  REFERENCES "MON_HOC" ("ID") ENABLE;
 
  ALTER TABLE "DKMONHOC" ADD CONSTRAINT "DKMONHOC_SINHVIEN" FOREIGN KEY ("SINH_VIEN")
	  REFERENCES "PEOPLE" ("ID") ENABLE;
--------------------------------------------------------
--  Ref Constraints for Table LICH_DAY
--------------------------------------------------------

  ALTER TABLE "LICH_DAY" ADD CONSTRAINT "LICHDAY_MONHOC" FOREIGN KEY ("MON_HOC")
	  REFERENCES "MON_HOC" ("ID") ENABLE;
 
  ALTER TABLE "LICH_DAY" ADD CONSTRAINT "LICHDAY_PEOPLE" FOREIGN KEY ("GIAO_VIEN")
	  REFERENCES "PEOPLE" ("ID") ENABLE;
 
  ALTER TABLE "LICH_DAY" ADD CONSTRAINT "LICH_DAY_LOP" FOREIGN KEY ("LOP")
	  REFERENCES "LOP" ("ID") ENABLE;
--------------------------------------------------------
--  Ref Constraints for Table LOP
--------------------------------------------------------

  ALTER TABLE "LOP" ADD CONSTRAINT "LOP_MONHOC" FOREIGN KEY ("MON_HOC")
	  REFERENCES "MON_HOC" ("ID") ENABLE;
--------------------------------------------------------
--  Ref Constraints for Table LUONG
--------------------------------------------------------

  ALTER TABLE "LUONG" ADD CONSTRAINT "LUONG_PEOPLE" FOREIGN KEY ("NHAN_VIEN")
	  REFERENCES "PEOPLE" ("ID") ENABLE;
--------------------------------------------------------
--  Ref Constraints for Table MH_MO_TRONG_NAM
--------------------------------------------------------

  ALTER TABLE "MH_MO_TRONG_NAM" ADD CONSTRAINT "MHTRONGNAM_MONHOC" FOREIGN KEY ("MON_HOC")
	  REFERENCES "MON_HOC" ("ID") ENABLE;
--------------------------------------------------------
--  Ref Constraints for Table MON_HOC
--------------------------------------------------------

  ALTER TABLE "MON_HOC" ADD CONSTRAINT "MONHOC_BOMON" FOREIGN KEY ("BO_MON")
	  REFERENCES "BO_MON" ("ID") ENABLE;
 
  ALTER TABLE "MON_HOC" ADD CONSTRAINT "MONHOC_GIAOVIEN" FOREIGN KEY ("GIAO_VIEN")
	  REFERENCES "PEOPLE" ("ID") ENABLE;
--------------------------------------------------------
--  Ref Constraints for Table PEOPLE
--------------------------------------------------------

  ALTER TABLE "PEOPLE" ADD CONSTRAINT "PEOPLE_BOMON" FOREIGN KEY ("BO_MON")
	  REFERENCES "BO_MON" ("ID") ENABLE;
 
  ALTER TABLE "PEOPLE" ADD CONSTRAINT "PEOPLE_CHUCVU" FOREIGN KEY ("CHUC_VU")
	  REFERENCES "CHUC_VU" ("ID") ENABLE;
 
  ALTER TABLE "PEOPLE" ADD CONSTRAINT "PEOPLE_KHOA" FOREIGN KEY ("KHOA")
	  REFERENCES "KHOA" ("ID") ENABLE;
--------------------------------------------------------
--  Ref Constraints for Table THONG_BAO
--------------------------------------------------------

  ALTER TABLE "THONG_BAO" ADD CONSTRAINT "THONG_BAO_FK1" FOREIGN KEY ("NGUOI_THONG_BAO")
	  REFERENCES "PEOPLE" ("ID") ENABLE;
 
  ALTER TABLE "THONG_BAO" ADD CONSTRAINT "THONG_BAO_FK2" FOREIGN KEY ("CHUC_VU")
	  REFERENCES "CHUC_VU" ("ID") ENABLE;
--------------------------------------------------------
--  DDL for Trigger THONG_BAO_TRG
--------------------------------------------------------

  CREATE OR REPLACE TRIGGER "THONG_BAO_TRG" 
BEFORE INSERT ON THONG_BAO 
FOR EACH ROW 
BEGIN
  <<COLUMN_SEQUENCES>>
  BEGIN
    IF INSERTING THEN
      SELECT THONG_BAO_SEQ.NEXTVAL INTO :NEW.ID FROM SYS.DUAL;
    END IF;
  END COLUMN_SEQUENCES;
END;
/
ALTER TRIGGER "THONG_BAO_TRG" ENABLE;
--------------------------------------------------------
--  DDL for Function DIEM_FUNCTION
--------------------------------------------------------

  CREATE OR REPLACE FUNCTION "DIEM_FUNCTION" (p_schema varchar2, p_obj varchar2)
Return varchar2
As
  user_id number;
  chuc_vu number;
  monhoc varchar2(200) := '';
Begin
  if ( SYS_CONTEXT('userenv', 'SESSION_USER') = 'ADMIN' ) then
    return '' ;
  end if;
    
  select id into user_id from admin.People where username = SYS_CONTEXT('userenv', 'SESSION_USER');
  select p.chuc_vu into chuc_vu from admin.People p where username = SYS_CONTEXT('userenv', 'SESSION_USER');
  
  if(chuc_vu = 1) then  
    return 'SINH_VIEN = '||user_id ;
  elsif(chuc_vu != 1 and chuc_vu != 7 and chuc_vu != 5) then
    return 'MON_HOC IN ( select ID from admin.mon_hoc M where M.GIAO_VIEN = '||user_id||')' ;
  elsif(chuc_vu = 7 or chuc_vu = 5) then
    return '' ;
  end if;
End;

/
--------------------------------------------------------
--  DDL for Function DKMH_FUNCTION
--------------------------------------------------------

  CREATE OR REPLACE FUNCTION "DKMH_FUNCTION" (p_schema varchar2, p_obj varchar2)
Return varchar2
As
  user_id number;
  chuc_vu number;
Begin
  if ( SYS_CONTEXT('userenv', 'SESSION_USER') = 'ADMIN' ) then
    return '' ;
  end if;
    
  select id into user_id from admin.People where username = SYS_CONTEXT('userenv', 'SESSION_USER');
  select p.chuc_vu into chuc_vu from admin.People p where username = SYS_CONTEXT('userenv', 'SESSION_USER');
  
  if(chuc_vu = 1) then  
    return 'SINH_VIEN = '|| user_id;
  elsif(chuc_vu = 2) then
    return 'MON_HOC IN ( select ID from admin.mon_hoc M where M.GIAO_VIEN = '||user_id||')' ;
  elsif(chuc_vu = 7 or chuc_vu = 5) then
    return '' ;
  end if;
End;

/
--------------------------------------------------------
--  DDL for Function EDIT_DKMH_FUNCTION
--------------------------------------------------------

  CREATE OR REPLACE FUNCTION "EDIT_DKMH_FUNCTION" (p_schema varchar2, p_obj varchar2)
Return varchar2
As
  user_id number;
  chuc_vu number;
Begin
  if ( SYS_CONTEXT('userenv', 'SESSION_USER') = 'ADMIN' ) then
    return '' ;
  end if;
    
  select id into user_id from admin.People where username = SYS_CONTEXT('userenv', 'SESSION_USER');
  select p.chuc_vu into chuc_vu from admin.People p where username = SYS_CONTEXT('userenv', 'SESSION_USER');
  
  if(chuc_vu = 1) then  
    return 'SINH_VIEN = '||user_id || ' and MON_HOC in (select mhn.Mon_hoc 
    from admin.MH_MO_TRONG_NAM mhn
    where mhn.NGAY_HET_HAN >= to_date(to_char(CURRENT_DATE,''yyyy/MM/dd''), ''yyyy/MM/dd''))'  ;
  end if;
End;

/
--------------------------------------------------------
--  DDL for Function LICHDAY_FUNCTION
--------------------------------------------------------

  CREATE OR REPLACE FUNCTION "LICHDAY_FUNCTION" (p_schema varchar2, p_obj varchar2)
Return varchar2
As
  user_id number;
  chuc_vu number;
  bo_mon number;
Begin
  if ( SYS_CONTEXT('userenv', 'SESSION_USER') = 'ADMIN' ) then
    return '' ;
  end if;
    
  select id into user_id from admin.People where username = SYS_CONTEXT('userenv', 'SESSION_USER');
  select p.chuc_vu into chuc_vu from admin.People p where username = SYS_CONTEXT('userenv', 'SESSION_USER');
  select p.bo_mon into bo_mon from admin.People p where username = SYS_CONTEXT('userenv', 'SESSION_USER');
  
  if(chuc_vu != 3 and chuc_vu != 5 and chuc_vu != 7) then  
    return 'GIAO_VIEN = '||user_id ;
  elsif(chuc_vu = 7 or chuc_vu = 5) then
    return '' ;
  elsif(chuc_vu = 3) then
    return 'GIAO_VIEN IN (SELECT GIAO_VIEN FROM ADMIN.MON_HOC M WHERE M.BO_MON = '|| bo_mon||')';
  end if;
End;

/
--------------------------------------------------------
--  DDL for Function LUONG_FUNCTION
--------------------------------------------------------

  CREATE OR REPLACE FUNCTION "LUONG_FUNCTION" (p_schema varchar2, p_obj varchar2)
Return varchar2
As
  user_id number;
  chuc_vu number;
Begin
  if ( SYS_CONTEXT('userenv', 'SESSION_USER') = 'ADMIN' ) then
    return '' ;
  end if;
    
  select id into user_id from admin.People where username = SYS_CONTEXT('userenv', 'SESSION_USER');
  select p.chuc_vu into chuc_vu from admin.People p where username = SYS_CONTEXT('userenv', 'SESSION_USER');
  
  if(chuc_vu != 6) then  
    return 'NHAN_VIEN = '||user_id ;
  elsif(chuc_vu = 6) then
    return '' ;
  end if;
End;

/
--------------------------------------------------------
--  DDL for Function SEC_FUNCTION
--------------------------------------------------------

  CREATE OR REPLACE FUNCTION "SEC_FUNCTION" (p_schema varchar2, p_obj varchar2)
Return varchar2
As
user VARCHAR2(200);Begin
if ( SYS_CONTEXT('userenv', 'SESSION_USER') = 'ADMIN' ) then
return '' ;
elsif ( SYS_CONTEXT('people_CV', 'chucvu') = '7' ) then
return '' ;
elsif ( SYS_CONTEXT('people_CV', 'chucvu') = '6' ) then
return 'CHUC_VU != 1' ;
elsif ( SYS_CONTEXT('people_CV', 'chucvu') = '5' ) then
return 'CHUC_VU = 1 OR USERNAME = SYS_CONTEXT(''USERENV'', ''SESSION_USER'')' ;
else
return 'USERNAME = SYS_CONTEXT(''USERENV'', ''SESSION_USER'') ' ;
end if;
End;

/
